accuracy,precision,recall,f1-score
0.8242767488137149,0.8268944788373849,0.8248055227063876,0.8240680671002572
