accuracy,precision,recall,f1-score
0.8958365222715444,0.9023632493676759,0.8966103720520255,0.8955306483724668
