accuracy, precision, recall, f1-score
0.8593295576304913, 0.8609423228319103, 0.8597335544203082, 0.8592513479756003