accuracy, precision, recall, f1-score
0.8811418949946426, 0.889056118796002, 0.8820032124943511, 0.8806890110772927